"name","hex","red","green","blue"
Black,#000000,0,0,0
Navy Blue,#000080,0,0,128
Dark Blue,#0000C8,0,0,200
Blue,#0000FF,0,0,255
Stratos,#000741,0,7,65
Swamp,#001B1C,0,27,28
Resolution Blue,#002387,0,35,135
Deep Fir,#002900,0,41,0
Burnham,#002E20,0,46,32
International Klein Blue,#002FA7,0,47,167
Prussian Blue,#003153,0,49,83
Midnight Blue,#003366,0,51,102
Smalt,#003399,0,51,153
Deep Teal,#003532,0,53,50
Cyprus,#003E40,0,62,64
Kaitoke Green,#004620,0,70,32
Cobalt,#0047AB,0,71,171
Crusoe,#004816,0,72,22
Sherpa Blue,#004950,0,73,80
Endeavour,#0056A7,0,86,167
Camarone,#00581A,0,88,26
Science Blue,#0066CC,0,102,204
Blue Ribbon,#0066FF,0,102,255
Tropical Rain Forest,#00755E,0,117,94
Allports,#0076A3,0,118,163
Deep Cerulean,#007BA7,0,123,167
Lochmara,#007EC7,0,126,199
Azure Radiance,#007FFF,0,127,255
Teal,#008080,0,128,128
Bondi Blue,#0095B6,0,149,182
Pacific Blue,#009DC4,0,157,196
Persian Green,#00A693,0,166,147
Jade,#00A86B,0,168,107
Caribbean Green,#00CC99,0,204,153
Robin's Egg Blue,#00CCCC,0,204,204
Green,#00FF00,0,255,0
Spring Green,#00FF7F,0,255,127
Cyan / Aqua,#00FFFF,0,255,255
Blue Charcoal,#010D1A,1,13,26
Midnight,#011635,1,22,53
Holly,#011D13,1,29,19
Daintree,#012731,1,39,49
Cardin Green,#01361C,1,54,28
County Green,#01371A,1,55,26
Astronaut Blue,#013E62,1,62,98
Regal Blue,#013F6A,1,63,106
Aqua Deep,#014B43,1,75,67
Orient,#015E85,1,94,133
Blue Stone,#016162,1,97,98
Fun Green,#016D39,1,109,57
Pine Green,#01796F,1,121,111
Blue Lagoon,#017987,1,121,135
Deep Sea,#01826B,1,130,107
Green Haze,#01A368,1,163,104
English Holly,#022D15,2,45,21
Sherwood Green,#02402C,2,64,44
Congress Blue,#02478E,2,71,142
Evening Sea,#024E46,2,78,70
Bahama Blue,#026395,2,99,149
Observatory,#02866F,2,134,111
Cerulean,#02A4D3,2,164,211
Tangaroa,#03163C,3,22,60
Green Vogue,#032B52,3,43,82
Mosque,#036A6E,3,106,110
Midnight Moss,#041004,4,16,4
Black Pearl,#041322,4,19,34
Blue Whale,#042E4C,4,46,76
Zuccini,#044022,4,64,34
Teal Blue,#044259,4,66,89
Deep Cove,#051040,5,16,64
Gulf Blue,#051657,5,22,87
Venice Blue,#055989,5,89,137
Watercourse,#056F57,5,111,87
Catalina Blue,#062A78,6,42,120
Tiber,#063537,6,53,55
Gossamer,#069B81,6,155,129
Niagara,#06A189,6,161,137
Tarawera,#073A50,7,58,80
Jaguar,#080110,8,1,16
Black Bean,#081910,8,25,16
Deep Sapphire,#082567,8,37,103
Elf Green,#088370,8,131,112
Bright Turquoise,#08E8DE,8,232,222
Downriver,#092256,9,34,86
Palm Green,#09230F,9,35,15
Madison,#09255D,9,37,93
Bottle Green,#093624,9,54,36
Deep Sea Green,#095859,9,88,89
Salem,#097F4B,9,127,75
Black Russian,#0A001C,10,0,28
Dark Fern,#0A480D,10,72,13
Japanese Laurel,#0A6906,10,105,6
Atoll,#0A6F75,10,111,117
Cod Gray,#0B0B0B,11,11,11
Marshland,#0B0F08,11,15,8
Gordons Green,#0B1107,11,17,7
Black Forest,#0B1304,11,19,4
San Felix,#0B6207,11,98,7
Malachite,#0BDA51,11,218,81
Ebony,#0C0B1D,12,11,29
Woodsmoke,#0C0D0F,12,13,15
Racing Green,#0C1911,12,25,17
Surfie Green,#0C7A79,12,122,121
Blue Chill,#0C8990,12,137,144
Black Rock,#0D0332,13,3,50
Bunker,#0D1117,13,17,23
Aztec,#0D1C19,13,28,25
Bush,#0D2E1C,13,46,28
Cinder,#0E0E18,14,14,24
Firefly,#0E2A30,14,42,48
Torea Bay,#0F2D9E,15,45,158
Vulcan,#10121D,16,18,29
Green Waterloo,#101405,16,20,5
Eden,#105852,16,88,82
Arapawa,#110C6C,17,12,108
Ultramarine,#120A8F,18,10,143
Elephant,#123447,18,52,71
Jewel,#126B40,18,107,64
Diesel,#130000,19,0,0
Asphalt,#130A06,19,10,6
Blue Zodiac,#13264D,19,38,77
Parsley,#134F19,19,79,25
Nero,#140600,20,6,0
Tory Blue,#1450AA,20,80,170
Bunting,#151F4C,21,31,76
Denim,#1560BD,21,96,189
Genoa,#15736B,21,115,107
Mirage,#161928,22,25,40
Hunter Green,#161D10,22,29,16
Big Stone,#162A40,22,42,64
Celtic,#163222,22,50,34
Timber Green,#16322C,22,50,44
Gable Green,#163531,22,53,49
Pine Tree,#171F04,23,31,4
Chathams Blue,#175579,23,85,121
Deep Forest Green,#182D09,24,45,9
Blumine,#18587A,24,88,122
Palm Leaf,#19330E,25,51,14
Nile Blue,#193751,25,55,81
Fun Blue,#1959A8,25,89,168
Lucky Point,#1A1A68,26,26,104
Mountain Meadow,#1AB385,26,179,133
Tolopea,#1B0245,27,2,69
Haiti,#1B1035,27,16,53
Deep Koamaru,#1B127B,27,18,123
Acadia,#1B1404,27,20,4
Seaweed,#1B2F11,27,47,17
Biscay,#1B3162,27,49,98
Matisse,#1B659D,27,101,157
Crowshead,#1C1208,28,18,8
Rangoon Green,#1C1E13,28,30,19
Persian Blue,#1C39BB,28,57,187
Everglade,#1C402E,28,64,46
Elm,#1C7C7D,28,124,125
Green Pea,#1D6142,29,97,66
Creole,#1E0F04,30,15,4
Karaka,#1E1609,30,22,9
El Paso,#1E1708,30,23,8
Cello,#1E385B,30,56,91
Te Papa Green,#1E433C,30,67,60
Dodger Blue,#1E90FF,30,144,255
Eastern Blue,#1E9AB0,30,154,176
Night Rider,#1F120F,31,18,15
Java,#1FC2C2,31,194,194
Jacksons Purple,#20208D,32,32,141
Cloud Burst,#202E54,32,46,84
Blue Dianne,#204852,32,72,82
Eternity,#211A0E,33,26,14
Deep Blue,#220878,34,8,120
Forest Green,#228B22,34,139,34
Mallard,#233418,35,52,24
Violet,#240A40,36,10,64
Kilamanjaro,#240C02,36,12,2
Log Cabin,#242A1D,36,42,29
Black Olive,#242E16,36,46,22
Green House,#24500F,36,80,15
Graphite,#251607,37,22,7
Cannon Black,#251706,37,23,6
Port Gore,#251F4F,37,31,79
Shark,#25272C,37,39,44
Green Kelp,#25311C,37,49,28
Curious Blue,#2596D1,37,150,209
Paua,#260368,38,3,104
Paris M,#26056A,38,5,106
Wood Bark,#261105,38,17,5
Gondola,#261414,38,20,20
Steel Gray,#262335,38,35,53
Ebony Clay,#26283B,38,40,59
Bay of Many,#273A81,39,58,129
Plantation,#27504B,39,80,75
Eucalyptus,#278A5B,39,138,91
Oil,#281E15,40,30,21
Astronaut,#283A77,40,58,119
Mariner,#286ACD,40,106,205
Violent Violet,#290C5E,41,12,94
Bastille,#292130,41,33,48
Zeus,#292319,41,35,25
Charade,#292937,41,41,55
Jelly Bean,#297B9A,41,123,154
Jungle Green,#29AB87,41,171,135
Cherry Pie,#2A0359,42,3,89
Coffee Bean,#2A140E,42,20,14
Baltic Sea,#2A2630,42,38,48
Turtle Green,#2A380B,42,56,11
Cerulean Blue,#2A52BE,42,82,190
Sepia Black,#2B0202,43,2,2
Valhalla,#2B194F,43,25,79
Heavy Metal,#2B3228,43,50,40
Blue Gem,#2C0E8C,44,14,140
Revolver,#2C1632,44,22,50
Bleached Cedar,#2C2133,44,33,51
Lochinvar,#2C8C84,44,140,132
Mikado,#2D2510,45,37,16
Outer Space,#2D383A,45,56,58
St Tropaz,#2D569B,45,86,155
Jacaranda,#2E0329,46,3,41
Jacko Bean,#2E1905,46,25,5
Rangitoto,#2E3222,46,50,34
Rhino,#2E3F62,46,63,98
Sea Green,#2E8B57,46,139,87
Scooter,#2EBFD4,46,191,212
Onion,#2F270E,47,39,14
Governor Bay,#2F3CB3,47,60,179
Sapphire,#2F519E,47,81,158
Spectra,#2F5A57,47,90,87
Casal,#2F6168,47,97,104
Melanzane,#300529,48,5,41
Cocoa Brown,#301F1E,48,31,30
Woodrush,#302A0F,48,42,15
San Juan,#304B6A,48,75,106
Turquoise,#30D5C8,48,213,200
Eclipse,#311C17,49,28,23
Pickled Bluewood,#314459,49,68,89
Azure,#315BA1,49,91,161
Calypso,#31728D,49,114,141
Paradiso,#317D82,49,125,130
Persian Indigo,#32127A,50,18,122
Blackcurrant,#32293A,50,41,58
Mine Shaft,#323232,50,50,50
Stromboli,#325D52,50,93,82
Bilbao,#327C14,50,124,20
Astral,#327DA0,50,125,160
Christalle,#33036B,51,3,107
Thunder,#33292F,51,41,47
Shamrock,#33CC99,51,204,153
Tamarind,#341515,52,21,21
Mardi Gras,#350036,53,0,54
Valentino,#350E42,53,14,66
Jagger,#350E57,53,14,87
Tuna,#353542,53,53,66
Chambray,#354E8C,53,78,140
Martinique,#363050,54,48,80
Tuatara,#363534,54,53,52
Waiouru,#363C0D,54,60,13
Ming,#36747D,54,116,125
La Palma,#368716,54,135,22
Chocolate,#370202,55,2,2
Clinker,#371D09,55,29,9
Brown Tumbleweed,#37290E,55,41,14
Birch,#373021,55,48,33
Oracle,#377475,55,116,117
Blue Diamond,#380474,56,4,116
Grape,#381A51,56,26,81
Dune,#383533,56,53,51
Oxford Blue,#384555,56,69,85
Clover,#384910,56,73,16
Limed Spruce,#394851,57,72,81
Dell,#396413,57,100,19
Toledo,#3A0020,58,0,32
Sambuca,#3A2010,58,32,16
Jacarta,#3A2A6A,58,42,106
William,#3A686C,58,104,108
Killarney,#3A6A47,58,106,71
Keppel,#3AB09E,58,176,158
Temptress,#3B000B,59,0,11
Aubergine,#3B0910,59,9,16
Jon,#3B1F1F,59,31,31
Treehouse,#3B2820,59,40,32
Amazon,#3B7A57,59,122,87
Boston Blue,#3B91B4,59,145,180
Windsor,#3C0878,60,8,120
Rebel,#3C1206,60,18,6
Meteorite,#3C1F76,60,31,118
Dark Ebony,#3C2005,60,32,5
Camouflage,#3C3910,60,57,16
Bright Gray,#3C4151,60,65,81
Cape Cod,#3C4443,60,68,67
Lunar Green,#3C493A,60,73,58
Bean  ,#3D0C02,61,12,2
Bistre,#3D2B1F,61,43,31
Goblin,#3D7D52,61,125,82
Kingfisher Daisy,#3E0480,62,4,128
Cedar,#3E1C14,62,28,20
English Walnut,#3E2B23,62,43,35
Black Marlin,#3E2C1C,62,44,28
Ship Gray,#3E3A44,62,58,68
Pelorous,#3EABBF,62,171,191
Bronze,#3F2109,63,33,9
Cola,#3F2500,63,37,0
Madras,#3F3002,63,48,2
Minsk,#3F307F,63,48,127
Cabbage Pont,#3F4C3A,63,76,58
Tom Thumb,#3F583B,63,88,59
Mineral Green,#3F5D53,63,93,83
Puerto Rico,#3FC1AA,63,193,170
Harlequin,#3FFF00,63,255,0
Brown Pod,#401801,64,24,1
Cork,#40291D,64,41,29
Masala,#403B38,64,59,56
Thatch Green,#403D19,64,61,25
Fiord,#405169,64,81,105
Viridian,#40826D,64,130,109
Chateau Green,#40A860,64,168,96
Ripe Plum,#410056,65,0,86
Paco,#411F10,65,31,16
Deep Oak,#412010,65,32,16
Merlin,#413C37,65,60,55
Gun Powder,#414257,65,66,87
East Bay,#414C7D,65,76,125
Royal Blue,#4169E1,65,105,225
Ocean Green,#41AA78,65,170,120
Burnt Maroon,#420303,66,3,3
Lisbon Brown,#423921,66,57,33
Faded Jade,#427977,66,121,119
Scarlet Gum,#431560,67,21,96
Iroko,#433120,67,49,32
Armadillo,#433E37,67,62,55
River Bed,#434C59,67,76,89
Green Leaf,#436A0D,67,106,13
Barossa,#44012D,68,1,45
Morocco Brown,#441D00,68,29,0
Mako,#444954,68,73,84
Kelp,#454936,69,73,54
San Marino,#456CAC,69,108,172
Picton Blue,#45B1E8,69,177,232
Loulou,#460B41,70,11,65
Crater Brown,#462425,70,36,37
Gray Asparagus,#465945,70,89,69
Steel Blue,#4682B4,70,130,180
Rustic Red,#480404,72,4,4
Bulgarian Rose,#480607,72,6,7
Clairvoyant,#480656,72,6,86
Cocoa Bean,#481C1C,72,28,28
Woody Brown,#483131,72,49,49
Taupe,#483C32,72,60,50
Van Cleef,#49170C,73,23,12
Brown Derby,#492615,73,38,21
Metallic Bronze,#49371B,73,55,27
Verdun Green,#495400,73,84,0
Blue Bayoux,#496679,73,102,121
Bismark,#497183,73,113,131
Bracken,#4A2A04,74,42,4
Deep Bronze,#4A3004,74,48,4
Mondo,#4A3C30,74,60,48
Tundora,#4A4244,74,66,68
Gravel,#4A444B,74,68,75
Trout,#4A4E5A,74,78,90
Pigment Indigo,#4B0082,75,0,130
Nandor,#4B5D52,75,93,82
Saddle,#4C3024,76,48,36
Abbey,#4C4F56,76,79,86
Blackberry,#4D0135,77,1,53
Cab Sav,#4D0A18,77,10,24
Indian Tan,#4D1E01,77,30,1
Cowboy,#4D282D,77,40,45
Livid Brown,#4D282E,77,40,46
Rock,#4D3833,77,56,51
Punga,#4D3D14,77,61,20
Bronzetone,#4D400F,77,64,15
Woodland,#4D5328,77,83,40
Mahogany,#4E0606,78,6,6
Bossanova,#4E2A5A,78,42,90
Matterhorn,#4E3B41,78,59,65
Bronze Olive,#4E420C,78,66,12
Mulled Wine,#4E4562,78,69,98
Axolotl,#4E6649,78,102,73
Wedgewood,#4E7F9E,78,127,158
Shakespeare,#4EABD1,78,171,209
Honey Flower,#4F1C70,79,28,112
Daisy Bush,#4F2398,79,35,152
Indigo,#4F69C6,79,105,198
Fern Green,#4F7942,79,121,66
Fruit Salad,#4F9D5D,79,157,93
Apple,#4FA83D,79,168,61
Mortar,#504351,80,67,81
Kashmir Blue,#507096,80,112,150
Cutty Sark,#507672,80,118,114
Emerald,#50C878,80,200,120
Emperor,#514649,81,70,73
Chalet Green,#516E3D,81,110,61
Como,#517C66,81,124,102
Smalt Blue,#51808F,81,128,143
Castro,#52001F,82,0,31
Maroon Oak,#520C17,82,12,23
Gigas,#523C94,82,60,148
Voodoo,#533455,83,52,85
Victoria,#534491,83,68,145
Hippie Green,#53824B,83,130,75
Heath,#541012,84,16,18
Judge Gray,#544333,84,67,51
Fuscous Gray,#54534D,84,83,77
Vida Loca,#549019,84,144,25
Cioccolato,#55280C,85,40,12
Saratoga,#555B10,85,91,16
Finlandia,#556D56,85,109,86
Havelock Blue,#5590D9,85,144,217
Fountain Blue,#56B4BE,86,180,190
Spring Leaves,#578363,87,131,99
Saddle Brown,#583401,88,52,1
Scarpa Flow,#585562,88,85,98
Cactus,#587156,88,113,86
Hippie Blue,#589AAF,88,154,175
Wine Berry,#591D35,89,29,53
Brown Bramble,#592804,89,40,4
Congo Brown,#593737,89,55,55
Millbrook,#594433,89,68,51
Waikawa Gray,#5A6E9C,90,110,156
Horizon,#5A87A0,90,135,160
Jambalaya,#5B3013,91,48,19
Bordeaux,#5C0120,92,1,32
Mulberry Wood,#5C0536,92,5,54
Carnaby Tan,#5C2E01,92,46,1
Comet,#5C5D75,92,93,117
Redwood,#5D1E0F,93,30,15
Don Juan,#5D4C51,93,76,81
Chicago,#5D5C58,93,92,88
Verdigris,#5D5E37,93,94,55
Dingley,#5D7747,93,119,71
Breaker Bay,#5DA19F,93,161,159
Kabul,#5E483E,94,72,62
Hemlock,#5E5D3B,94,93,59
Irish Coffee,#5F3D26,95,61,38
Mid Gray,#5F5F6E,95,95,110
Shuttle Gray,#5F6672,95,102,114
Aqua Forest,#5FA777,95,167,119
Tradewind,#5FB3AC,95,179,172
Horses Neck,#604913,96,73,19
Smoky,#605B73,96,91,115
Corduroy,#606E68,96,110,104
Danube,#6093D1,96,147,209
Espresso,#612718,97,39,24
Eggplant,#614051,97,64,81
Costa Del Sol,#615D30,97,93,48
Glade Green,#61845F,97,132,95
Buccaneer,#622F30,98,47,48
Quincy,#623F2D,98,63,45
Butterfly Bush,#624E9A,98,78,154
West Coast,#625119,98,81,25
Finch,#626649,98,102,73
Patina,#639A8F,99,154,143
Fern,#63B76C,99,183,108
Blue Violet,#6456B7,100,86,183
Dolphin,#646077,100,96,119
Storm Dust,#646463,100,100,99
Siam,#646A54,100,106,84
Nevada,#646E75,100,110,117
Cornflower Blue,#6495ED,100,149,237
Viking,#64CCDB,100,204,219
Rosewood,#65000B,101,0,11
Cherrywood,#651A14,101,26,20
Purple Heart,#652DC1,101,45,193
Fern Frond,#657220,101,114,32
Willow Grove,#65745D,101,116,93
Hoki,#65869F,101,134,159
Pompadour,#660045,102,0,69
Purple,#660099,102,0,153
Tyrian Purple,#66023C,102,2,60
Dark Tan,#661010,102,16,16
Silver Tree,#66B58F,102,181,143
Bright Green,#66FF00,102,255,0
Screamin' Green,#66FF66,102,255,102
Black Rose,#67032D,103,3,45
Scampi,#675FA6,103,95,166
Ironside Gray,#676662,103,102,98
Viridian Green,#678975,103,137,117
Christi,#67A712,103,167,18
Nutmeg Wood Finish,#683600,104,54,0
Zambezi,#685558,104,85,88
Salt Box,#685E6E,104,94,110
Tawny Port,#692545,105,37,69
Finn,#692D54,105,45,84
Scorpion,#695F62,105,95,98
Lynch,#697E9A,105,126,154
Spice,#6A442E,106,68,46
Himalaya,#6A5D1B,106,93,27
Soya Bean,#6A6051,106,96,81
Hairy Heath,#6B2A14,107,42,20
Royal Purple,#6B3FA0,107,63,160
Shingle Fawn,#6B4E31,107,78,49
Dorado,#6B5755,107,87,85
Bermuda Gray,#6B8BA2,107,139,162
Olive Drab,#6B8E23,107,142,35
Eminence,#6C3082,108,48,130
Turquoise Blue,#6CDAE7,108,218,231
Lonestar,#6D0101,109,1,1
Pine Cone,#6D5E54,109,94,84
Dove Gray,#6D6C6C,109,108,108
Juniper,#6D9292,109,146,146
Gothic,#6D92A1,109,146,161
Red Oxide,#6E0902,110,9,2
Moccaccino,#6E1D14,110,29,20
Pickled Bean,#6E4826,110,72,38
Dallas,#6E4B26,110,75,38
Kokoda,#6E6D57,110,109,87
Pale Sky,#6E7783,110,119,131
Cafe Royale,#6F440C,111,68,12
Flint,#6F6A61,111,106,97
Highland,#6F8E63,111,142,99
Limeade,#6F9D02,111,157,2
Downy,#6FD0C5,111,208,197
Persian Plum,#701C1C,112,28,28
Sepia,#704214,112,66,20
Antique Bronze,#704A07,112,74,7
Ferra,#704F50,112,79,80
Coffee,#706555,112,101,85
Slate Gray,#708090,112,128,144
Cedar Wood Finish,#711A00,113,26,0
Metallic Copper,#71291D,113,41,29
Affair,#714693,113,70,147
Studio,#714AB2,113,74,178
Tobacco Brown,#715D47,113,93,71
Yellow Metal,#716338,113,99,56
Peat,#716B56,113,107,86
Olivetone,#716E10,113,110,16
Storm Gray,#717486,113,116,134
Sirocco,#718080,113,128,128
Aquamarine Blue,#71D9E2,113,217,226
Venetian Red,#72010F,114,1,15
Old Copper,#724A2F,114,74,47
Go Ben,#726D4E,114,109,78
Raven,#727B89,114,123,137
Seance,#731E8F,115,30,143
Raw Umber,#734A12,115,74,18
Kimberly,#736C9F,115,108,159
Crocodile,#736D58,115,109,88
Crete,#737829,115,120,41
Xanadu,#738678,115,134,120
Spicy Mustard,#74640D,116,100,13
Limed Ash,#747D63,116,125,99
Rolling Stone,#747D83,116,125,131
Blue Smoke,#748881,116,136,129
Laurel,#749378,116,147,120
Mantis,#74C365,116,195,101
Russett,#755A57,117,90,87
Deluge,#7563A8,117,99,168
Cosmic,#76395D,118,57,93
Blue Marguerite,#7666C6,118,102,198
Lima,#76BD17,118,189,23
Sky Blue,#76D7EA,118,215,234
Dark Burgundy,#770F05,119,15,5
Crown of Thorns,#771F1F,119,31,31
Walnut,#773F1A,119,63,26
Pablo,#776F61,119,111,97
Pacifika,#778120,119,129,32
Oxley,#779E86,119,158,134
Pastel Green,#77DD77,119,221,119
Japanese Maple,#780109,120,1,9
Mocha,#782D19,120,45,25
Peanut,#782F16,120,47,22
Camouflage Green,#78866B,120,134,107
Wasabi,#788A25,120,138,37
Ship Cove,#788BBA,120,139,186
Sea Nymph,#78A39C,120,163,156
Roman Coffee,#795D4C,121,93,76
Old Lavender,#796878,121,104,120
Rum,#796989,121,105,137
Fedora,#796A78,121,106,120
Sandstone,#796D62,121,109,98
Spray,#79DEEC,121,222,236
Siren,#7A013A,122,1,58
Fuchsia Blue,#7A58C1,122,88,193
Boulder,#7A7A7A,122,122,122
Wild Blue Yonder,#7A89B8,122,137,184
De York,#7AC488,122,196,136
Red Beech,#7B3801,123,56,1
Cinnamon,#7B3F00,123,63,0
Yukon Gold,#7B6608,123,102,8
Tapa,#7B7874,123,120,116
Waterloo ,#7B7C94,123,124,148
Flax Smoke,#7B8265,123,130,101
Amulet,#7B9F80,123,159,128
Asparagus,#7BA05B,123,160,91
Kenyan Copper,#7C1C05,124,28,5
Pesto,#7C7631,124,118,49
Topaz,#7C778A,124,119,138
Concord,#7C7B7A,124,123,122
Jumbo,#7C7B82,124,123,130
Trendy Green,#7C881A,124,136,26
Gumbo,#7CA1A6,124,161,166
Acapulco,#7CB0A1,124,176,161
Neptune,#7CB7BB,124,183,187
Pueblo,#7D2C14,125,44,20
Bay Leaf,#7DA98D,125,169,141
Malibu,#7DC8F7,125,200,247
Bermuda,#7DD8C6,125,216,198
Copper Canyon,#7E3A15,126,58,21
Claret,#7F1734,127,23,52
Peru Tan,#7F3A02,127,58,2
Falcon,#7F626D,127,98,109
Mobster,#7F7589,127,117,137
Moody Blue,#7F76D3,127,118,211
Chartreuse,#7FFF00,127,255,0
Aquamarine,#7FFFD4,127,255,212
Maroon,#800000,128,0,0
Rose Bud Cherry,#800B47,128,11,71
Falu Red,#801818,128,24,24
Red Robin,#80341F,128,52,31
Vivid Violet,#803790,128,55,144
Russet,#80461B,128,70,27
Friar Gray,#807E79,128,126,121
Olive,#808000,128,128,0
Gray,#808080,128,128,128
Gulf Stream,#80B3AE,128,179,174
Glacier,#80B3C4,128,179,196
Seagull,#80CCEA,128,204,234
Nutmeg,#81422C,129,66,44
Spicy Pink,#816E71,129,110,113
Empress,#817377,129,115,119
Spanish Green,#819885,129,152,133
Sand Dune,#826F65,130,111,101
Gunsmoke,#828685,130,134,133
Battleship Gray,#828F72,130,143,114
Merlot,#831923,131,25,35
Shadow,#837050,131,112,80
Chelsea Cucumber,#83AA5D,131,170,93
Monte Carlo,#83D0C6,131,208,198
Plum,#843179,132,49,121
Granny Smith,#84A0A0,132,160,160
Chetwode Blue,#8581D9,133,129,217
Bandicoot,#858470,133,132,112
Bali Hai,#859FAF,133,159,175
Half Baked,#85C4CC,133,196,204
Red Devil,#860111,134,1,17
Lotus,#863C3C,134,60,60
Ironstone,#86483C,134,72,60
Bull Shot,#864D1E,134,77,30
Rusty Nail,#86560A,134,86,10
Bitter,#868974,134,137,116
Regent Gray,#86949F,134,148,159
Disco,#871550,135,21,80
Americano,#87756E,135,117,110
Hurricane,#877C7B,135,124,123
Oslo Gray,#878D91,135,141,145
Sushi,#87AB39,135,171,57
Spicy Mix,#885342,136,83,66
Kumera,#886221,136,98,33
Suva Gray,#888387,136,131,135
Avocado,#888D65,136,141,101
Camelot,#893456,137,52,86
Solid Pink,#893843,137,56,67
Cannon Pink,#894367,137,67,103
Makara,#897D6D,137,125,109
Burnt Umber,#8A3324,138,51,36
True V,#8A73D6,138,115,214
Clay Creek,#8A8360,138,131,96
Monsoon,#8A8389,138,131,137
Stack,#8A8F8A,138,143,138
Jordy Blue,#8AB9F1,138,185,241
Electric Violet,#8B00FF,139,0,255
Monarch,#8B0723,139,7,35
Corn Harvest,#8B6B0B,139,107,11
Olive Haze,#8B8470,139,132,112
Schooner,#8B847E,139,132,126
Natural Gray,#8B8680,139,134,128
Mantle,#8B9C90,139,156,144
Portage,#8B9FEE,139,159,238
Envy,#8BA690,139,166,144
Cascade,#8BA9A5,139,169,165
Riptide,#8BE6D8,139,230,216
Cardinal Pink,#8C055E,140,5,94
Mule Fawn,#8C472F,140,71,47
Potters Clay,#8C5738,140,87,56
Trendy Pink,#8C6495,140,100,149
Paprika,#8D0226,141,2,38
Sanguine Brown,#8D3D38,141,61,56
Tosca,#8D3F3F,141,63,63
Cement,#8D7662,141,118,98
Granite Green,#8D8974,141,137,116
Manatee,#8D90A1,141,144,161
Polo Blue,#8DA8CC,141,168,204
Red Berry,#8E0000,142,0,0
Rope,#8E4D1E,142,77,30
Opium,#8E6F70,142,111,112
Domino,#8E775E,142,119,94
Mamba,#8E8190,142,129,144
Nepal,#8EABC1,142,171,193
Pohutukawa,#8F021C,143,2,28
El Salva,#8F3E33,143,62,51
Korma,#8F4B0E,143,75,14
Squirrel,#8F8176,143,129,118
Vista Blue,#8FD6B4,143,214,180
Burgundy,#900020,144,0,32
Old Brick,#901E1E,144,30,30
Hemp,#907874,144,120,116
Almond Frost,#907B71,144,123,113
Sycamore,#908D39,144,141,57
Sangria,#92000A,146,0,10
Cumin,#924321,146,67,33
Beaver,#926F5B,146,111,91
Stonewall,#928573,146,133,115
Venus,#928590,146,133,144
Medium Purple,#9370DB,147,112,219
Cornflower,#93CCEA,147,204,234
Algae Green,#93DFB8,147,223,184
Copper Rust,#944747,148,71,71
Arrowtown,#948771,148,135,113
Scarlett,#950015,149,0,21
Strikemaster,#956387,149,99,135
Mountain Mist,#959396,149,147,150
Carmine,#960018,150,0,24
Brown,#964B00,150,75,0
Leather,#967059,150,112,89
Purple Mountain's Majesty,#9678B6,150,120,182
Lavender Purple,#967BB6,150,123,182
Pewter,#96A8A1,150,168,161
Summer Green,#96BBAB,150,187,171
Au Chico,#97605D,151,96,93
Wisteria,#9771B5,151,113,181
Atlantis,#97CD2D,151,205,45
Vin Rouge,#983D61,152,61,97
Lilac Bush,#9874D3,152,116,211
Bazaar,#98777B,152,119,123
Hacienda,#98811B,152,129,27
Pale Oyster,#988D77,152,141,119
Mint Green,#98FF98,152,255,152
Fresh Eggplant,#990066,153,0,102
Violet Eggplant,#991199,153,17,153
Tamarillo,#991613,153,22,19
Totem Pole,#991B07,153,27,7
Copper Rose,#996666,153,102,102
Amethyst,#9966CC,153,102,204
Mountbatten Pink,#997A8D,153,122,141
Blue Bell,#9999CC,153,153,204
Prairie Sand,#9A3820,154,56,32
Toast,#9A6E61,154,110,97
Gurkha,#9A9577,154,149,119
Olivine,#9AB973,154,185,115
Shadow Green,#9AC2B8,154,194,184
Oregon,#9B4703,155,71,3
Lemon Grass,#9B9E8F,155,158,143
Stiletto,#9C3336,156,51,54
Hawaiian Tan,#9D5616,157,86,22
Gull Gray,#9DACB7,157,172,183
Pistachio,#9DC209,157,194,9
Granny Smith Apple,#9DE093,157,224,147
Anakiwa,#9DE5FF,157,229,255
Chelsea Gem,#9E5302,158,83,2
Sepia Skin,#9E5B40,158,91,64
Sage,#9EA587,158,165,135
Citron,#9EA91F,158,169,31
Rock Blue,#9EB1CD,158,177,205
Morning Glory,#9EDEE0,158,222,224
Cognac,#9F381D,159,56,29
Reef Gold,#9F821C,159,130,28
Star Dust,#9F9F9C,159,159,156
Santas Gray,#9FA0B1,159,160,177
Sinbad,#9FD7D3,159,215,211
Feijoa,#9FDD8C,159,221,140
Tabasco,#A02712,160,39,18
Buttered Rum,#A1750D,161,117,13
Hit Gray,#A1ADB5,161,173,181
Citrus,#A1C50A,161,197,10
Aqua Island,#A1DAD7,161,218,215
Water Leaf,#A1E9DE,161,233,222
Flirt,#A2006D,162,0,109
Rouge,#A23B6C,162,59,108
Cape Palliser,#A26645,162,102,69
Gray Chateau,#A2AAB3,162,170,179
Edward,#A2AEAB,162,174,171
Pharlap,#A3807B,163,128,123
Amethyst Smoke,#A397B4,163,151,180
Blizzard Blue,#A3E3ED,163,227,237
Delta,#A4A49D,164,164,157
Wistful,#A4A6D3,164,166,211
Green Smoke,#A4AF6E,164,175,110
Jazzberry Jam,#A50B5E,165,11,94
Zorba,#A59B91,165,155,145
Bahia,#A5CB0C,165,203,12
Roof Terracotta,#A62F20,166,47,32
Paarl,#A65529,166,85,41
Barley Corn,#A68B5B,166,139,91
Donkey Brown,#A69279,166,146,121
Dawn,#A6A29A,166,162,154
Mexican Red,#A72525,167,37,37
Luxor Gold,#A7882C,167,136,44
Rich Gold,#A85307,168,83,7
Reno Sand,#A86515,168,101,21
Coral Tree,#A86B6B,168,107,107
Dusty Gray,#A8989B,168,152,155
Dull Lavender,#A899E6,168,153,230
Tallow,#A8A589,168,165,137
Bud,#A8AE9C,168,174,156
Locust,#A8AF8E,168,175,142
Norway,#A8BD9F,168,189,159
Chinook,#A8E3BD,168,227,189
Gray Olive,#A9A491,169,164,145
Aluminium,#A9ACB6,169,172,182
Cadet Blue,#A9B2C3,169,178,195
Schist,#A9B497,169,180,151
Tower Gray,#A9BDBF,169,189,191
Perano,#A9BEF2,169,190,242
Opal,#A9C6C2,169,198,194
Night Shadz,#AA375A,170,55,90
Fire,#AA4203,170,66,3
Muesli,#AA8B5B,170,139,91
Sandal,#AA8D6F,170,141,111
Shady Lady,#AAA5A9,170,165,169
Logan,#AAA9CD,170,169,205
Spun Pearl,#AAABB7,170,171,183
Regent St Blue,#AAD6E6,170,214,230
Magic Mint,#AAF0D1,170,240,209
Lipstick,#AB0563,171,5,99
Royal Heath,#AB3472,171,52,114
Sandrift,#AB917A,171,145,122
Cold Purple,#ABA0D9,171,160,217
Bronco,#ABA196,171,161,150
Limed Oak,#AC8A56,172,138,86
East Side,#AC91CE,172,145,206
Lemon Ginger,#AC9E22,172,158,34
Napa,#ACA494,172,164,148
Hillary,#ACA586,172,165,134
Cloudy,#ACA59F,172,165,159
Silver Chalice,#ACACAC,172,172,172
Swamp Green,#ACB78E,172,183,142
Spring Rain,#ACCBB1,172,203,177
Conifer,#ACDD4D,172,221,77
Celadon,#ACE1AF,172,225,175
Mandalay,#AD781B,173,120,27
Casper,#ADBED1,173,190,209
Moss Green,#ADDFAD,173,223,173
Padua,#ADE6C4,173,230,196
Green Yellow,#ADFF2F,173,255,47
Hippie Pink,#AE4560,174,69,96
Desert,#AE6020,174,96,32
Bouquet,#AE809E,174,128,158
Medium Carmine,#AF4035,175,64,53
Apple Blossom,#AF4D43,175,77,67
Brown Rust,#AF593E,175,89,62
Driftwood,#AF8751,175,135,81
Alpine,#AF8F2C,175,143,44
Lucky,#AF9F1C,175,159,28
Martini,#AFA09E,175,160,158
Bombay,#AFB1B8,175,177,184
Pigeon Post,#AFBDD9,175,189,217
Cadillac,#B04C6A,176,76,106
Matrix,#B05D54,176,93,84
Tapestry,#B05E81,176,94,129
Mai Tai,#B06608,176,102,8
Del Rio,#B09A95,176,154,149
Powder Blue,#B0E0E6,176,224,230
Inch Worm,#B0E313,176,227,19
Bright Red,#B10000,177,0,0
Vesuvius,#B14A0B,177,74,11
Pumpkin Skin,#B1610B,177,97,11
Santa Fe,#B16D52,177,109,82
Teak,#B19461,177,148,97
Fringy Flower,#B1E2C1,177,226,193
Ice Cold,#B1F4E7,177,244,231
Shiraz,#B20931,178,9,49
Biloba Flower,#B2A1EA,178,161,234
Tall Poppy,#B32D29,179,45,41
Fiery Orange,#B35213,179,82,19
Hot Toddy,#B38007,179,128,7
Taupe Gray,#B3AF95,179,175,149
La Rioja,#B3C110,179,193,16
Well Read,#B43332,180,51,50
Blush,#B44668,180,70,104
Jungle Mist,#B4CFD3,180,207,211
Turkish Rose,#B57281,181,114,129
Lavender,#B57EDC,181,126,220
Mongoose,#B5A27F,181,162,127
Olive Green,#B5B35C,181,179,92
Jet Stream,#B5D2CE,181,210,206
Cruise,#B5ECDF,181,236,223
Hibiscus,#B6316C,182,49,108
Thatch,#B69D98,182,157,152
Heathered Gray,#B6B095,182,176,149
Eagle,#B6BAA4,182,186,164
Spindle,#B6D1EA,182,209,234
Gum Leaf,#B6D3BF,182,211,191
Rust,#B7410E,183,65,14
Muddy Waters,#B78E5C,183,142,92
Sahara,#B7A214,183,162,20
Husk,#B7A458,183,164,88
Nobel,#B7B1B1,183,177,177
Heather,#B7C3D0,183,195,208
Madang,#B7F0BE,183,240,190
Milano Red,#B81104,184,17,4
Copper,#B87333,184,115,51
Gimblet,#B8B56A,184,181,106
Green Spring,#B8C1B1,184,193,177
Celery,#B8C25D,184,194,93
Sail,#B8E0F9,184,224,249
Chestnut,#B94E48,185,78,72
Crail,#B95140,185,81,64
Marigold,#B98D28,185,141,40
Wild Willow,#B9C46A,185,196,106
Rainee,#B9C8AC,185,200,172
Guardsman Red,#BA0101,186,1,1
Rock Spray,#BA450C,186,69,12
Bourbon,#BA6F1E,186,111,30
Pirate Gold,#BA7F03,186,127,3
Nomad,#BAB1A2,186,177,162
Submarine,#BAC7C9,186,199,201
Charlotte,#BAEEF9,186,238,249
Medium Red Violet,#BB3385,187,51,133
Brandy Rose,#BB8983,187,137,131
Rio Grande,#BBD009,187,208,9
Surf,#BBD7C1,187,215,193
Powder Ash,#BCC9C2,188,201,194
Tuscany,#BD5E2E,189,94,46
Quicksand,#BD978E,189,151,142
Silk,#BDB1A8,189,177,168
Malta,#BDB2A1,189,178,161
Chatelle,#BDB3C7,189,179,199
Lavender Gray,#BDBBD7,189,187,215
French Gray,#BDBDC6,189,189,198
Clay Ash,#BDC8B3,189,200,179
Loblolly,#BDC9CE,189,201,206
French Pass,#BDEDFD,189,237,253
London Hue,#BEA6C3,190,166,195
Pink Swan,#BEB5B7,190,181,183
Fuego,#BEDE0D,190,222,13
Rose of Sharon,#BF5500,191,85,0
Tide,#BFB8B0,191,184,176
Blue Haze,#BFBED8,191,190,216
Silver Sand,#BFC1C2,191,193,194
Key Lime Pie,#BFC921,191,201,33
Ziggurat,#BFDBE2,191,219,226
Lime,#BFFF00,191,255,0
Thunderbird,#C02B18,192,43,24
Mojo,#C04737,192,71,55
Old Rose,#C08081,192,128,129
Silver,#C0C0C0,192,192,192
Pale Leaf,#C0D3B9,192,211,185
Pixie Green,#C0D8B6,192,216,182
Tia Maria,#C1440E,193,68,14
Fuchsia Pink,#C154C1,193,84,193
Buddha Gold,#C1A004,193,160,4
Bison Hide,#C1B7A4,193,183,164
Tea,#C1BAB0,193,186,176
Gray Suit,#C1BECD,193,190,205
Sprout,#C1D7B0,193,215,176
Sulu,#C1F07C,193,240,124
Indochine,#C26B03,194,107,3
Twine,#C2955D,194,149,93
Cotton Seed,#C2BDB6,194,189,182
Pumice,#C2CAC4,194,202,196
Jagged Ice,#C2E8E5,194,232,229
Maroon Flush,#C32148,195,33,72
Indian Khaki,#C3B091,195,176,145
Pale Slate,#C3BFC1,195,191,193
Gray Nickel,#C3C3BD,195,195,189
Periwinkle Gray,#C3CDE6,195,205,230
Tiara,#C3D1D1,195,209,209
Tropical Blue,#C3DDF9,195,221,249
Cardinal,#C41E3A,196,30,58
Fuzzy Wuzzy Brown,#C45655,196,86,85
Orange Roughy,#C45719,196,87,25
Mist Gray,#C4C4BC,196,196,188
Coriander,#C4D0B0,196,208,176
Mint Tulip,#C4F4EB,196,244,235
Mulberry,#C54B8C,197,75,140
Nugget,#C59922,197,153,34
Tussock,#C5994B,197,153,75
Sea Mist,#C5DBCA,197,219,202
Yellow Green,#C5E17A,197,225,122
Brick Red,#C62D42,198,45,66
Contessa,#C6726B,198,114,107
Oriental Pink,#C69191,198,145,145
Roti,#C6A84B,198,168,75
Ash,#C6C3B5,198,195,181
Kangaroo,#C6C8BD,198,200,189
Las Palmas,#C6E610,198,230,16
Monza,#C7031E,199,3,30
Red Violet,#C71585,199,21,133
Coral Reef,#C7BCA2,199,188,162
Melrose,#C7C1FF,199,193,255
Cloud,#C7C4BF,199,196,191
Ghost,#C7C9D5,199,201,213
Pine Glade,#C7CD90,199,205,144
Botticelli,#C7DDE5,199,221,229
Antique Brass,#C88A65,200,138,101
Lilac,#C8A2C8,200,162,200
Hokey Pokey,#C8A528,200,165,40
Lily,#C8AABF,200,170,191
Laser,#C8B568,200,181,104
Edgewater,#C8E3D7,200,227,215
Piper,#C96323,201,99,35
Pizza,#C99415,201,148,21
Light Wisteria,#C9A0DC,201,160,220
Rodeo Dust,#C9B29B,201,178,155
Sundance,#C9B35B,201,179,91
Earls Green,#C9B93B,201,185,59
Silver Rust,#C9C0BB,201,192,187
Conch,#C9D9D2,201,217,210
Reef,#C9FFA2,201,255,162
Aero Blue,#C9FFE5,201,255,229
Flush Mahogany,#CA3435,202,52,53
Turmeric,#CABB48,202,187,72
Paris White,#CADCD4,202,220,212
Bitter Lemon,#CAE00D,202,224,13
Skeptic,#CAE6DA,202,230,218
Viola,#CB8FA9,203,143,169
Foggy Gray,#CBCAB6,203,202,182
Green Mist,#CBD3B0,203,211,176
Nebula,#CBDBD6,203,219,214
Persian Red,#CC3333,204,51,51
Burnt Orange,#CC5500,204,85,0
Ochre,#CC7722,204,119,34
Puce,#CC8899,204,136,153
Thistle Green,#CCCAA8,204,202,168
Periwinkle,#CCCCFF,204,204,255
Electric Lime,#CCFF00,204,255,0
Tenn,#CD5700,205,87,0
Chestnut Rose,#CD5C5C,205,92,92
Brandy Punch,#CD8429,205,132,41
Onahau,#CDF4FF,205,244,255
Sorrell Brown,#CEB98F,206,185,143
Cold Turkey,#CEBABA,206,186,186
Yuma,#CEC291,206,194,145
Chino,#CEC7A7,206,199,167
Eunry,#CFA39D,207,163,157
Old Gold,#CFB53B,207,181,59
Tasman,#CFDCCF,207,220,207
Surf Crest,#CFE5D2,207,229,210
Humming Bird,#CFF9F3,207,249,243
Scandal,#CFFAF4,207,250,244
Red Stage,#D05F04,208,95,4
Hopbush,#D06DA1,208,109,161
Meteor,#D07D12,208,125,18
Perfume,#D0BEF8,208,190,248
Prelude,#D0C0E5,208,192,229
Tea Green,#D0F0C0,208,240,192
Geebung,#D18F1B,209,143,27
Vanilla,#D1BEA8,209,190,168
Soft Amber,#D1C6B4,209,198,180
Celeste,#D1D2CA,209,210,202
Mischka,#D1D2DD,209,210,221
Pear,#D1E231,209,226,49
Hot Cinnamon,#D2691E,210,105,30
Raw Sienna,#D27D46,210,125,70
Careys Pink,#D29EAA,210,158,170
Tan,#D2B48C,210,180,140
Deco,#D2DA97,210,218,151
Blue Romance,#D2F6DE,210,246,222
Gossip,#D2F8B0,210,248,176
Sisal,#D3CBBA,211,203,186
Swirl,#D3CDC5,211,205,197
Charm,#D47494,212,116,148
Clam Shell,#D4B6AF,212,182,175
Straw,#D4BF8D,212,191,141
Akaroa,#D4C4A8,212,196,168
Bird Flower,#D4CD16,212,205,22
Iron,#D4D7D9,212,215,217
Geyser,#D4DFE2,212,223,226
Hawkes Blue,#D4E2FC,212,226,252
Grenadier,#D54600,213,70,0
Can Can,#D591A4,213,145,164
Whiskey,#D59A6F,213,154,111
Winter Hazel,#D5D195,213,209,149
Granny Apple,#D5F6E3,213,246,227
My Pink,#D69188,214,145,136
Tacha,#D6C562,214,197,98
Moon Raker,#D6CEF6,214,206,246
Quill Gray,#D6D6D1,214,214,209
Snowy Mint,#D6FFDB,214,255,219
New York Pink,#D7837F,215,131,127
Pavlova,#D7C498,215,196,152
Fog,#D7D0FF,215,208,255
Valencia,#D84437,216,68,55
Japonica,#D87C63,216,124,99
Thistle,#D8BFD8,216,191,216
Maverick,#D8C2D5,216,194,213
Foam,#D8FCFA,216,252,250
Cabaret,#D94972,217,73,114
Burning Sand,#D99376,217,147,118
Cameo,#D9B99B,217,185,155
Timberwolf,#D9D6CF,217,214,207
Tana,#D9DCC1,217,220,193
Link Water,#D9E4F5,217,228,245
Mabel,#D9F7FF,217,247,255
Cerise,#DA3287,218,50,135
Flame Pea,#DA5B38,218,91,56
Bamboo,#DA6304,218,99,4
Red Damask,#DA6A41,218,106,65
Orchid,#DA70D6,218,112,214
Copperfield,#DA8A67,218,138,103
Golden Grass,#DAA520,218,165,32
Zanah,#DAECD6,218,236,214
Iceberg,#DAF4F0,218,244,240
Oyster Bay,#DAFAFF,218,250,255
Cranberry,#DB5079,219,80,121
Petite Orchid,#DB9690,219,150,144
Di Serria,#DB995E,219,153,94
Alto,#DBDBDB,219,219,219
Frosted Mint,#DBFFF8,219,255,248
Crimson,#DC143C,220,20,60
Punch,#DC4333,220,67,51
Galliano,#DCB20C,220,178,12
Blossom,#DCB4BC,220,180,188
Wattle,#DCD747,220,215,71
Westar,#DCD9D2,220,217,210
Moon Mist,#DCDDCC,220,221,204
Caper,#DCEDB4,220,237,180
Swans Down,#DCF0EA,220,240,234
Swiss Coffee,#DDD6D5,221,214,213
White Ice,#DDF9F1,221,249,241
Cerise Red,#DE3163,222,49,99
Roman,#DE6360,222,99,96
Tumbleweed,#DEA681,222,166,129
Gold Tips,#DEBA13,222,186,19
Brandy,#DEC196,222,193,150
Wafer,#DECBC6,222,203,198
Sapling,#DED4A4,222,212,164
Barberry,#DED717,222,215,23
Beryl Green,#DEE5C0,222,229,192
Pattens Blue,#DEF5FF,222,245,255
Heliotrope,#DF73FF,223,115,255
Apache,#DFBE6F,223,190,111
Chenin,#DFCD6F,223,205,111
Lola,#DFCFDB,223,207,219
Willow Brook,#DFECDA,223,236,218
Chartreuse Yellow,#DFFF00,223,255,0
Mauve,#E0B0FF,224,176,255
Anzac,#E0B646,224,182,70
Harvest Gold,#E0B974,224,185,116
Calico,#E0C095,224,192,149
Baby Blue,#E0FFFF,224,255,255
Sunglo,#E16865,225,104,101
Equator,#E1BC64,225,188,100
Pink Flare,#E1C0C8,225,192,200
Periglacial Blue,#E1E6D6,225,230,214
Kidnapper,#E1EAD4,225,234,212
Tara,#E1F6E8,225,246,232
Mandy,#E25465,226,84,101
Terracotta,#E2725B,226,114,91
Golden Bell,#E28913,226,137,19
Shocking,#E292C0,226,146,192
Dixie,#E29418,226,148,24
Light Orchid,#E29CD2,226,156,210
Snuff,#E2D8ED,226,216,237
Mystic,#E2EBED,226,235,237
Apple Green,#E2F3EC,226,243,236
Razzmatazz,#E30B5C,227,11,92
Alizarin Crimson,#E32636,227,38,54
Cinnabar,#E34234,227,66,52
Cavern Pink,#E3BEBE,227,190,190
Peppermint,#E3F5E1,227,245,225
Mindaro,#E3F988,227,249,136
Deep Blush,#E47698,228,118,152
Gamboge,#E49B0F,228,155,15
Melanie,#E4C2D5,228,194,213
Twilight,#E4CFDE,228,207,222
Bone,#E4D1C0,228,209,192
Sunflower,#E4D422,228,212,34
Grain Brown,#E4D5B7,228,213,183
Zombie,#E4D69B,228,214,155
Frostee,#E4F6E7,228,246,231
Snow Flurry,#E4FFD1,228,255,209
Amaranth,#E52B50,229,43,80
Zest,#E5841B,229,132,27
Dust Storm,#E5CCC9,229,204,201
Stark White,#E5D7BD,229,215,189
Hampton,#E5D8AF,229,216,175
Bon Jour,#E5E0E1,229,224,225
Mercury,#E5E5E5,229,229,229
Polar,#E5F9F6,229,249,246
Trinidad,#E64E03,230,78,3
Gold Sand,#E6BE8A,230,190,138
Cashmere,#E6BEA5,230,190,165
Double Spanish White,#E6D7B9,230,215,185
Satin Linen,#E6E4D4,230,228,212
Harp,#E6F2EA,230,242,234
Off Green,#E6F8F3,230,248,243
Hint of Green,#E6FFE9,230,255,233
Tranquil,#E6FFFF,230,255,255
Mango Tango,#E77200,231,114,0
Christine,#E7730A,231,115,10
Tonys Pink,#E79F8C,231,159,140
Kobi,#E79FC4,231,159,196
Rose Fog,#E7BCB4,231,188,180
Corn,#E7BF05,231,191,5
Putty,#E7CD8C,231,205,140
Gray Nurse,#E7ECE6,231,236,230
Lily White,#E7F8FF,231,248,255
Bubbles,#E7FEFF,231,254,255
Fire Bush,#E89928,232,153,40
Shilo,#E8B9B3,232,185,179
Pearl Bush,#E8E0D5,232,224,213
Green White,#E8EBE0,232,235,224
Chrome White,#E8F1D4,232,241,212
Gin,#E8F2EB,232,242,235
Aqua Squeeze,#E8F5F2,232,245,242
Clementine,#E96E00,233,110,0
Burnt Sienna,#E97451,233,116,81
Tahiti Gold,#E97C07,233,124,7
Oyster Pink,#E9CECD,233,206,205
Confetti,#E9D75A,233,215,90
Ebb,#E9E3E3,233,227,227
Ottoman,#E9F8ED,233,248,237
Clear Day,#E9FFFD,233,255,253
Carissma,#EA88A8,234,136,168
Porsche,#EAAE69,234,174,105
Tulip Tree,#EAB33B,234,179,59
Rob Roy,#EAC674,234,198,116
Raffia,#EADAB8,234,218,184
White Rock,#EAE8D4,234,232,212
Panache,#EAF6EE,234,246,238
Solitude,#EAF6FF,234,246,255
Aqua Spring,#EAF9F5,234,249,245
Dew,#EAFFFE,234,255,254
Apricot,#EB9373,235,147,115
Zinnwaldite,#EBC2AF,235,194,175
Fuel Yellow,#ECA927,236,169,39
Ronchi,#ECC54E,236,197,78
French Lilac,#ECC7EE,236,199,238
Just Right,#ECCDB9,236,205,185
Wild Rice,#ECE090,236,224,144
Fall Green,#ECEBBD,236,235,189
Aths Special,#ECEBCE,236,235,206
Starship,#ECF245,236,242,69
Red Ribbon,#ED0A3F,237,10,63
Tango,#ED7A1C,237,122,28
Carrot Orange,#ED9121,237,145,33
Sea Pink,#ED989E,237,152,158
Tacao,#EDB381,237,179,129
Desert Sand,#EDC9AF,237,201,175
Pancho,#EDCDAB,237,205,171
Chamois,#EDDCB1,237,220,177
Primrose,#EDEA99,237,234,153
Frost,#EDF5DD,237,245,221
Aqua Haze,#EDF5F5,237,245,245
Zumthor,#EDF6FF,237,246,255
Narvik,#EDF9F1,237,249,241
Honeysuckle,#EDFC84,237,252,132
Lavender Magenta,#EE82EE,238,130,238
Beauty Bush,#EEC1BE,238,193,190
Chalky,#EED794,238,215,148
Almond,#EED9C4,238,217,196
Flax,#EEDC82,238,220,130
Bizarre,#EEDEDA,238,222,218
Double Colonial White,#EEE3AD,238,227,173
Cararra,#EEEEE8,238,238,232
Manz,#EEEF78,238,239,120
Tahuna Sands,#EEF0C8,238,240,200
Athens Gray,#EEF0F3,238,240,243
Tusk,#EEF3C3,238,243,195
Loafer,#EEF4DE,238,244,222
Catskill White,#EEF6F7,238,246,247
Twilight Blue,#EEFDFF,238,253,255
Jonquil,#EEFF9A,238,255,154
Rice Flower,#EEFFE2,238,255,226
Jaffa,#EF863F,239,134,63
Gallery,#EFEFEF,239,239,239
Porcelain,#EFF2F3,239,242,243
Mauvelous,#F091A9,240,145,169
Golden Dream,#F0D52D,240,213,45
Golden Sand,#F0DB7D,240,219,125
Buff,#F0DC82,240,220,130
Prim,#F0E2EC,240,226,236
Khaki,#F0E68C,240,230,140
Selago,#F0EEFD,240,238,253
Titan White,#F0EEFF,240,238,255
Alice Blue,#F0F8FF,240,248,255
Feta,#F0FCEA,240,252,234
Gold Drop,#F18200,241,130,0
Wewak,#F19BAB,241,155,171
Sahara Sand,#F1E788,241,231,136
Parchment,#F1E9D2,241,233,210
Blue Chalk,#F1E9FF,241,233,255
Mint Julep,#F1EEC1,241,238,193
Seashell,#F1F1F1,241,241,241
Saltpan,#F1F7F2,241,247,242
Tidal,#F1FFAD,241,255,173
Chiffon,#F1FFC8,241,255,200
Flamingo,#F2552A,242,85,42
Tangerine,#F28500,242,133,0
Mandys Pink,#F2C3B2,242,195,178
Concrete,#F2F2F2,242,242,242
Black Squeeze,#F2FAFA,242,250,250
Pomegranate,#F34723,243,71,35
Buttercup,#F3AD16,243,173,22
New Orleans,#F3D69D,243,214,157
Vanilla Ice,#F3D9DF,243,217,223
Sidecar,#F3E7BB,243,231,187
Dawn Pink,#F3E9E5,243,233,229
Wheatfield,#F3EDCF,243,237,207
Canary,#F3FB62,243,251,98
Orinoco,#F3FBD4,243,251,212
Carla,#F3FFD8,243,255,216
Hollywood Cerise,#F400A1,244,0,161
Sandy brown,#F4A460,244,164,96
Saffron,#F4C430,244,196,48
Ripe Lemon,#F4D81C,244,216,28
Janna,#F4EBD3,244,235,211
Pampas,#F4F2EE,244,242,238
Wild Sand,#F4F4F4,244,244,244
Zircon,#F4F8FF,244,248,255
Froly,#F57584,245,117,132
Cream Can,#F5C85C,245,200,92
Manhattan,#F5C999,245,201,153
Maize,#F5D5A0,245,213,160
Wheat,#F5DEB3,245,222,179
Sandwisp,#F5E7A2,245,231,162
Pot Pourri,#F5E7E2,245,231,226
Albescent White,#F5E9D3,245,233,211
Soft Peach,#F5EDEF,245,237,239
Ecru White,#F5F3E5,245,243,229
Beige,#F5F5DC,245,245,220
Golden Fizz,#F5FB3D,245,251,61
Australian Mint,#F5FFBE,245,255,190
French Rose,#F64A8A,246,74,138
Brilliant Rose,#F653A6,246,83,166
Illusion,#F6A4C9,246,164,201
Merino,#F6F0E6,246,240,230
Black Haze,#F6F7F7,246,247,247
Spring Sun,#F6FFDC,246,255,220
Violet Red,#F7468A,247,70,138
Chilean Fire,#F77703,247,119,3
Persian Pink,#F77FBE,247,127,190
Rajah,#F7B668,247,182,104
Azalea,#F7C8DA,247,200,218
We Peep,#F7DBE6,247,219,230
Quarter Spanish White,#F7F2E1,247,242,225
Whisper,#F7F5FA,247,245,250
Snow Drift,#F7FAF7,247,250,247
Casablanca,#F8B853,248,184,83
Chantilly,#F8C3DF,248,195,223
Cherub,#F8D9E9,248,217,233
Marzipan,#F8DB9D,248,219,157
Energy Yellow,#F8DD5C,248,221,92
Givry,#F8E4BF,248,228,191
White Linen,#F8F0E8,248,240,232
Magnolia,#F8F4FF,248,244,255
Spring Wood,#F8F6F1,248,246,241
Coconut Cream,#F8F7DC,248,247,220
White Lilac,#F8F7FC,248,247,252
Desert Storm,#F8F8F7,248,248,247
Texas,#F8F99C,248,249,156
Corn Field,#F8FACD,248,250,205
Mimosa,#F8FDD3,248,253,211
Carnation,#F95A61,249,90,97
Saffron Mango,#F9BF58,249,191,88
Carousel Pink,#F9E0ED,249,224,237
Dairy Cream,#F9E4BC,249,228,188
Portica,#F9E663,249,230,99
Amour,#F9EAF3,249,234,243
Rum Swizzle,#F9F8E4,249,248,228
Dolly,#F9FF8B,249,255,139
Sugar Cane,#F9FFF6,249,255,246
Ecstasy,#FA7814,250,120,20
Tan Hide,#FA9D5A,250,157,90
Corvette,#FAD3A2,250,211,162
Peach Yellow,#FADFAD,250,223,173
Turbo,#FAE600,250,230,0
Astra,#FAEAB9,250,234,185
Champagne,#FAECCC,250,236,204
Linen,#FAF0E6,250,240,230
Fantasy,#FAF3F0,250,243,240
Citrine White,#FAF7D6,250,247,214
Alabaster,#FAFAFA,250,250,250
Hint of Yellow,#FAFDE4,250,253,228
Milan,#FAFFA4,250,255,164
Brink Pink,#FB607F,251,96,127
Geraldine,#FB8989,251,137,137
Lavender Rose,#FBA0E3,251,160,227
Sea Buckthorn,#FBA129,251,161,41
Sun,#FBAC13,251,172,19
Lavender Pink,#FBAED2,251,174,210
Rose Bud,#FBB2A3,251,178,163
Cupid,#FBBEDA,251,190,218
Classic Rose,#FBCCE7,251,204,231
Apricot Peach,#FBCEB1,251,206,177
Banana Mania,#FBE7B2,251,231,178
Marigold Yellow,#FBE870,251,232,112
Festival,#FBE96C,251,233,108
Sweet Corn,#FBEA8C,251,234,140
Candy Corn,#FBEC5D,251,236,93
Hint of Red,#FBF9F9,251,249,249
Shalimar,#FBFFBA,251,255,186
Shocking Pink,#FC0FC0,252,15,192
Tickle Me Pink,#FC80A5,252,128,165
Tree Poppy,#FC9C1D,252,156,29
Lightning Yellow,#FCC01E,252,192,30
Goldenrod,#FCD667,252,214,103
Candlelight,#FCD917,252,217,23
Cherokee,#FCDA98,252,218,152
Double Pearl Lusta,#FCF4D0,252,244,208
Pearl Lusta,#FCF4DC,252,244,220
Vista White,#FCF8F7,252,248,247
Bianca,#FCFBF3,252,251,243
Moon Glow,#FCFEDA,252,254,218
China Ivory,#FCFFE7,252,255,231
Ceramic,#FCFFF9,252,255,249
Torch Red,#FD0E35,253,14,53
Wild Watermelon,#FD5B78,253,91,120
Crusta,#FD7B33,253,123,51
Sorbus,#FD7C07,253,124,7
Sweet Pink,#FD9FA2,253,159,162
Light Apricot,#FDD5B1,253,213,177
Pig Pink,#FDD7E4,253,215,228
Cinderella,#FDE1DC,253,225,220
Golden Glow,#FDE295,253,226,149
Lemon,#FDE910,253,233,16
Old Lace,#FDF5E6,253,245,230
Half Colonial White,#FDF6D3,253,246,211
Drover,#FDF7AD,253,247,173
Pale Prim,#FDFEB8,253,254,184
Cumulus,#FDFFD5,253,255,213
Persian Rose,#FE28A2,254,40,162
Sunset Orange,#FE4C40,254,76,64
Bittersweet,#FE6F5E,254,111,94
California,#FE9D04,254,157,4
Yellow Sea,#FEA904,254,169,4
Melon,#FEBAAD,254,186,173
Bright Sun,#FED33C,254,211,60
Dandelion,#FED85D,254,216,93
Salomie,#FEDB8D,254,219,141
Cape Honey,#FEE5AC,254,229,172
Remy,#FEEBF3,254,235,243
Oasis,#FEEFCE,254,239,206
Bridesmaid,#FEF0EC,254,240,236
Beeswax,#FEF2C7,254,242,199
Bleach White,#FEF3D8,254,243,216
Pipi,#FEF4CC,254,244,204
Half Spanish White,#FEF4DB,254,244,219
Wisp Pink,#FEF4F8,254,244,248
Provincial Pink,#FEF5F1,254,245,241
Half Dutch White,#FEF7DE,254,247,222
Solitaire,#FEF8E2,254,248,226
White Pointer,#FEF8FF,254,248,255
Off Yellow,#FEF9E3,254,249,227
Orange White,#FEFCED,254,252,237
Red,#FF0000,255,0,0
Rose,#FF007F,255,0,127
Purple Pizzazz,#FF00CC,255,0,204
Magenta / Fuchsia,#FF00FF,255,0,255
Scarlet,#FF2400,255,36,0
Wild Strawberry,#FF3399,255,51,153
Razzle Dazzle Rose,#FF33CC,255,51,204
Radical Red,#FF355E,255,53,94
Red Orange,#FF3F34,255,63,52
Coral Red,#FF4040,255,64,64
Vermilion,#FF4D00,255,77,0
International Orange,#FF4F00,255,79,0
Outrageous Orange,#FF6037,255,96,55
Blaze Orange,#FF6600,255,102,0
Pink Flamingo,#FF66FF,255,102,255
Orange,#FF681F,255,104,31
Hot Pink,#FF69B4,255,105,180
Persimmon,#FF6B53,255,107,83
Blush Pink,#FF6FFF,255,111,255
Burning Orange,#FF7034,255,112,52
Pumpkin,#FF7518,255,117,24
Flamenco,#FF7D07,255,125,7
Flush Orange,#FF7F00,255,127,0
Coral,#FF7F50,255,127,80
Salmon,#FF8C69,255,140,105
Pizazz,#FF9000,255,144,0
West Side,#FF910F,255,145,15
Pink Salmon,#FF91A4,255,145,164
Neon Carrot,#FF9933,255,153,51
Atomic Tangerine,#FF9966,255,153,102
Vivid Tangerine,#FF9980,255,153,128
Sunshade,#FF9E2C,255,158,44
Orange Peel,#FFA000,255,160,0
Mona Lisa,#FFA194,255,161,148
Web Orange,#FFA500,255,165,0
Carnation Pink,#FFA6C9,255,166,201
Hit Pink,#FFAB81,255,171,129
Yellow Orange,#FFAE42,255,174,66
Cornflower Lilac,#FFB0AC,255,176,172
Sundown,#FFB1B3,255,177,179
My Sin,#FFB31F,255,179,31
Texas Rose,#FFB555,255,181,85
Cotton Candy,#FFB7D5,255,183,213
Macaroni and Cheese,#FFB97B,255,185,123
Selective Yellow,#FFBA00,255,186,0
Koromiko,#FFBD5F,255,189,95
Amber,#FFBF00,255,191,0
Wax Flower,#FFC0A8,255,192,168
Pink,#FFC0CB,255,192,203
Your Pink,#FFC3C0,255,195,192
Supernova,#FFC901,255,201,1
Flesh,#FFCBA4,255,203,164
Sunglow,#FFCC33,255,204,51
Golden Tainoi,#FFCC5C,255,204,92
Peach Orange,#FFCC99,255,204,153
Chardonnay,#FFCD8C,255,205,140
Pastel Pink,#FFD1DC,255,209,220
Romantic,#FFD2B7,255,210,183
Grandis,#FFD38C,255,211,140
Gold,#FFD700,255,215,0
School bus Yellow,#FFD800,255,216,0
Cosmos,#FFD8D9,255,216,217
Mustard,#FFDB58,255,219,88
Peach Schnapps,#FFDCD6,255,220,214
Caramel,#FFDDAF,255,221,175
Tuft Bush,#FFDDCD,255,221,205
Watusi,#FFDDCF,255,221,207
Pink Lace,#FFDDF4,255,221,244
Navajo White,#FFDEAD,255,222,173
Frangipani,#FFDEB3,255,222,179
Pippin,#FFE1DF,255,225,223
Pale Rose,#FFE1F2,255,225,242
Negroni,#FFE2C5,255,226,197
Cream Brulee,#FFE5A0,255,229,160
Peach,#FFE5B4,255,229,180
Tequila,#FFE6C7,255,230,199
Kournikova,#FFE772,255,231,114
Sandy Beach,#FFEAC8,255,234,200
Karry,#FFEAD4,255,234,212
Broom,#FFEC13,255,236,19
Colonial White,#FFEDBC,255,237,188
Derby,#FFEED8,255,238,216
Vis Vis,#FFEFA1,255,239,161
Egg White,#FFEFC1,255,239,193
Papaya Whip,#FFEFD5,255,239,213
Fair Pink,#FFEFEC,255,239,236
Peach Cream,#FFF0DB,255,240,219
Lavender blush,#FFF0F5,255,240,245
Gorse,#FFF14F,255,241,79
Buttermilk,#FFF1B5,255,241,181
Pink Lady,#FFF1D8,255,241,216
Forget Me Not,#FFF1EE,255,241,238
Tutu,#FFF1F9,255,241,249
Picasso,#FFF39D,255,243,157
Chardon,#FFF3F1,255,243,241
Paris Daisy,#FFF46E,255,244,110
Barley White,#FFF4CE,255,244,206
Egg Sour,#FFF4DD,255,244,221
Sazerac,#FFF4E0,255,244,224
Serenade,#FFF4E8,255,244,232
Chablis,#FFF4F3,255,244,243
Seashell Peach,#FFF5EE,255,245,238
Sauvignon,#FFF5F3,255,245,243
Milk Punch,#FFF6D4,255,246,212
Varden,#FFF6DF,255,246,223
Rose White,#FFF6F5,255,246,245
Baja White,#FFF8D1,255,248,209
Gin Fizz,#FFF9E2,255,249,226
Early Dawn,#FFF9E6,255,249,230
Lemon Chiffon,#FFFACD,255,250,205
Bridal Heath,#FFFAF4,255,250,244
Scotch Mist,#FFFBDC,255,251,220
Soapstone,#FFFBF9,255,251,249
Witch Haze,#FFFC99,255,252,153
Buttery White,#FFFCEA,255,252,234
Island Spice,#FFFCEE,255,252,238
Cream,#FFFDD0,255,253,208
Chilean Heath,#FFFDE6,255,253,230
Travertine,#FFFDE8,255,253,232
Orchid White,#FFFDF3,255,253,243
Quarter Pearl Lusta,#FFFDF4,255,253,244
Half and Half,#FFFEE1,255,254,225
Apricot White,#FFFEEC,255,254,236
Rice Cake,#FFFEF0,255,254,240
Black White,#FFFEF6,255,254,246
Romance,#FFFEFD,255,254,253
Yellow,#FFFF00,255,255,0
Laser Lemon,#FFFF66,255,255,102
Pale Canary,#FFFF99,255,255,153
Portafino,#FFFFB4,255,255,180
Ivory,#FFFFF0,255,255,240
White,#FFFFFF,255,255,255
